,MS11679_kraken_2024-standard_conf0,MS11669_kraken_2024-standard_conf0,MS11774_kraken_2024-standard_conf0,MS11675_kraken_2024-standard_conf0,MS11683_kraken_2024-standard_conf0,MS11686_kraken_2024-standard_conf0,MS11673_kraken_2024-standard_conf0,MS11771_kraken_2024-standard_conf0,MS11775_kraken_2024-standard_conf0,MS11677_kraken_2024-standard_conf0,MS11670_kraken_2024-standard_conf0,MS11770_kraken_2024-standard_conf0,MS11676_kraken_2024-standard_conf0,MS11674_kraken_2024-standard_conf0,MS11684_kraken_2024-standard_conf0,MS11678_kraken_2024-standard_conf0
Canis_familiaris,0.8207396695626527,0.3533500623375184,0.6094664956809719,0.49517324725255185,0.820612801738441,0.8856080303305967,0.14324851053640297,0.07293191025104893,0.657895012739005,0.7993122922353311,0.18612186209447412,0.34984497762395944,0.19591577152226167,0.15900188971412435,0.38460648816761644,0.2057459465047828
Homo_sapiens,0.0,0.0,0.0,0.0,0.0,0.0,0.0,0.0,0.0,0.0,0.0,0.0,0.0,0.0,0.0,0.0
Sediment,0.14984856571179517,0.61723817293703,0.3611217395935109,0.4284272062494522,0.14997543353608717,0.08498020494395293,0.8273397247380734,0.8976563250234336,0.057575702776554716,0.17127594303918472,0.7844663731799694,0.6207432576503266,0.7746724637522678,0.8115863455604378,0.5859817471068809,0.30048749721710727
unknown,0.02941176472555204,0.029411764725451456,0.029411764725517268,0.0763995464979961,0.029411764725471943,0.029411764725450318,0.029411764725523603,0.029411764725517278,0.2845292844844402,0.029411764725484364,0.02941176472555639,0.029411764725713996,0.02941176472547046,0.029411764725437817,0.02941176472550269,0.49376655627810995
